{
    "nodes": [
        [1.0, 0.0], 
        [0.7071067811865476, 0.7071067811865475], 
        [0.0, 1.0], 
        [1.5, 0.0], 
        [1.299038105676658, 0.75], 
        [0.75, 1.299038105676658], 
        [0, 1.5], 
        [2.0, 0.0], 
        [1.8477590650225735, 0.7653668647301796], 
        [1.4142135623730951, 1.414213562373095], 
        [0.7653668647301797, 1.8477590650225735], 
        [0.0, 2.0]
    ], 
    "material": {"E": 1, "Nu": 0.25}, 
    "elems": [
        [0, 4, 1], 
        [1, 5, 2], 
        [3, 4, 0], 
        [3, 8, 4], 
        [4, 5, 1], 
        [4, 9, 5], 
        [5, 6, 2], 
        [5, 10, 6], 
        [7, 8, 3], 
        [8, 9, 4], 
        [9, 10, 5], 
        [10, 11, 6]
    ], 
    "bounds": [
        {"nodes": [0, 1, 2], "type": "neumann", "value": 1}, 
        {"nodes": [0, 3, 7], "fix": 1, "type": "dirichlet", "value": 0}, 
        {"nodes": [7, 8, 9, 10, 11], "type": "neumann", "value": 0}, 
        {"nodes": [2, 6, 11], "fix": 0, "type": "dirichlet", "value": 0}
    ]
}